transaction_date,description,amount,balance
2026-10-01,SALARY CREDIT OCTOBER,62000,80500
2026-10-01,RENT PAYMENT OCTOBER,-15000,65500
2026-10-02,SWIGGY ORDER 55120,-520,64980
2026-10-03,"ZOMATO, DINNER WITH FRIENDS",-1340,63640
2026-10-03,BIGBASKET GROCERY,-1875,61765
2026-10-04,UBER TRIP AIRPORT,-640,61125
2026-10-04,UBER TRIP AIRPORT,-640,60485
10/05/2026,ELECTRICITY BOARD BILL,-1800,58685
2026-10-05,INDIAN OIL FUEL STATION,-2500,56185
2026-10-06,NETFLIX SUBSCRIPTION,-499,55686
2026-10-06,AMAZON PRIME MEMBERSHIP,-299,55387
2026-10-07,APOLLO PHARMACY,-420,54967
2026-10-07,,-300,54667
2026-10-07,ATM WITHDRAWAL,"-1,000",53667
2026-10-08,CULTFIT GYM MEMBERSHIP,-1500,52167
2026-10-08,PAYTM WALLET TOPUP,0,52167
2026-10-08,BOOKMYSHOW MOVIE TICKETS,-780,51387
2026-10-09,REFUND AMAZON ORDER,350,51737
2026-10-09,CHAI POINT KORAMANGALA,-120,51617
